title,directed_by,produced_by,screenplay_by,based_on,starring,music_by,cinematography,edited_by,productioncompany,distributed_by,release_date,running_time,country,language,budget,box_office,story_by,productioncompanies,written_by,narrated_by
Avengers: Endgame,Anthony RussoJoe Russo,Kevin Feige,Christopher MarkusStephen McFeely,The Avengersby Stan LeeJack Kirby,Robert Downey Jr. Chris Evans Mark Ruffalo Chris Hemsworth Scarlett Johansson Jeremy Renner Don Cheadle Paul Rudd Brie Larson Karen Gillan Danai Gurira Benedict Wong Jon Favreau Bradley Cooper Gwyneth Paltrow Josh Brolin,Alan Silvestri,Trent Opaloch,Jeffrey Ford Matthew Schmidt,Marvel Studios,Walt Disney StudiosMotion Pictures,2019-04-26,181,USA,English,356000000.0,2798000000.0,,,,
The Lion King,Jon Favreau,Jon Favreau Jeffrey Silver Karen Gilchrist,Jeff Nathanson,Disney's The Lion Kingby Irene MecchiJonathan RobertsLinda Woolverton,Donald Glover Seth Rogen Chiwetel Ejiofor Alfre Woodard Billy Eichner John Kani John Oliver Beyoncé Knowles-Carter James Earl Jones,Hans Zimmer,Caleb Deschanel,Mark Livolsi Adam Gerstel,Walt Disney Pictures Fairview Entertainment,Walt Disney StudiosMotion Pictures,2019-07-19,118,USA,English,260000000.0,1657000000.0,,,,
Star Wars: The Rise of Skywalker,J. J. Abrams,Kathleen Kennedy J. J. Abrams Michelle Rejwan,Chris Terrio J. J. Abrams,Charactersby George Lucas,Carrie Fisher Mark Hamill Adam Driver Daisy Ridley John Boyega Oscar Isaac Anthony Daniels Naomi Ackie Domhnall Gleeson Richard E. Grant Lupita Nyong'o Keri Russell Joonas Suotamo Kelly Marie Tran Ian McDiarmid Billy Dee Williams,John Williams,Dan Mindel,Maryann Brandon Stefan Grube,Lucasfilm Ltd. Bad Robot Productions,Walt Disney StudiosMotion Pictures,2019-12-20,142,USA,English,275000000.0,1074000000.0,Derek Connolly Colin Trevorrow J. J. Abrams Chris Terrio,,,
Frozen II,Chris Buck Jennifer Lee,Peter Del Vecho,Jennifer Lee,,Kristen Bell Idina Menzel Josh Gad Jonathan Groff,Christophe Beck (score) Robert Lopez (songs) Kristen Anderson-Lopez (songs),Tracy Scott Beattie (layout) Mohit Kallianpur (lighting),Jeff Draheim,Walt Disney Pictures Walt Disney Animation Studios,Walt Disney StudiosMotion Pictures,2019-11-22,103,USA,English,150000000.0,1450000000.0,Chris Buck Jennifer Lee Marc E. Smith Kristen Anderson-Lopez Robert Lopez,,,
Toy Story 4,Josh Cooley,Mark Nielsen Jonas Rivera,Andrew Stanton Stephany Folsom,,Tom Hanks Tim Allen Annie Potts Tony Hale Keegan-Michael Key Jordan Peele Madeleine McGraw Christina Hendricks Keanu Reeves Ally Maki Jay Hernandez Lori Alan Joan Cusack,Randy Newman,Patrick Lin Jean-Claude Kalache,Axel Geddes,,Walt Disney StudiosMotion Pictures,2019-06-21,100,USA,English,200000000.0,1073000000.0,John Lasseter Andrew Stanton Josh Cooley Valerie LaPointe Rashida Jones Will McCormack Martin Hynes Stephany Folsom,Walt Disney Pictures Pixar Animation Studios,,
Captain Marvel,Anna BodenRyan Fleck,Kevin Feige,Anna Boden Ryan Fleck Geneva Robertson-Dworet,Captain Marvelby Stan Lee Gene Colan Carol Danversby Roy Thomas Gene Colan,Brie Larson Samuel L. Jackson Ben Mendelsohn Djimon Hounsou Lee Pace Lashana Lynch Gemma Chan Annette Bening Clark Gregg Jude Law,Pinar Toprak,Ben Davis,Elliot Graham Debbie Berman,Marvel Studios,Walt Disney StudiosMotion Pictures,2019-03-08,124,USA,English,175000000.0,1128000000.0,Nicole Perlman Meg LeFauve Anna Boden Ryan Fleck Geneva Robertson-Dworet,,,
Spider-Man: Far From Home,Jon Watts,Kevin Feige Amy Pascal,,Spider-Manby Stan LeeSteve Ditko,Tom Holland Samuel L. Jackson Zendaya Cobie Smulders Jon Favreau J. B. Smoove Jacob Batalon Martin Starr Marisa Tomei Jake Gyllenhaal,Michael Giacchino,Matthew J. Lloyd,Dan Lebental Leigh Folsom Boyd,,Sony Pictures Releasing,2019-07-02,129,USA,English,160000000.0,1132000000.0,,Columbia Pictures Marvel Studios Pascal Pictures,Chris McKenna Erik Sommers,
Aladdin,Guy Ritchie,Dan Lin Jonathan Eirich,John August Guy Ritchie,Disney's Aladdinby Ron ClementsJohn MuskerTed ElliottTerry Rossio Aladdin and the Magic Lamp from One Thousand and One Nights,Will Smith Mena Massoud Naomi Scott Marwan Kenzari Navid Negahban Nasim Pedrad Billy Magnussen,Songs: Alan Menken Howard Ashman Tim Rice Pasek & Paul Score: Alan Menken,Alan Stewart,James Herbert,Walt Disney Pictures Rideback Marc Platt Productions,Walt Disney StudiosMotion Pictures,2019-05-24,128,USA,English,183000000.0,1050999999.9999999,,,,
Joker,Todd Phillips,Todd Phillips Bradley Cooper Emma Tillinger Koskoff,,Charactersby DC Comics,Joaquin Phoenix Robert De Niro Zazie Beetz Frances Conroy,Hildur Guðnadóttir,Lawrence Sher,Jeff Groth,,Warner Bros. Pictures,2019-10-04,122,USA,English,70000000.0,1074000000.0,,Warner Bros. Pictures DC Films Joint Effort Bron Creative Village Roadshow Pictures,Todd Phillips Scott Silver,
John Wick: Chapter 3 – Parabellum,Chad Stahelski,Basil Iwanyk Erica Lee,Derek Kolstad Shay Hatten Chris Collins Marc Abrams,Charactersby Derek Kolstad,Keanu Reeves Halle Berry Laurence Fishburne Mark Dacascos Asia Kate Dillon Lance Reddick Anjelica Huston Ian McShane,Tyler Bates Joel J. Richard,Dan Laustsen,Evan Schiff,Summit Entertainment Thunder Road Pictures 87Eleven Productions,Lionsgate,2019-05-17,131,USA,English,75000000.0,326700000.0,Derek Kolstad,,,
Escape Room,Adam Robitel,Neal H. Moritz Ori Marmur,Bragi F. Schut Maria Melnik,,Taylor Russell Logan Miller Deborah Ann Woll Jay Ellis Tyler Labine Nik Dodani Yorick van Wageningen,Brian TylerJohn Carey,Marc Spicer,Steven Mirkovich,Columbia PicturesOriginal Film,Sony Pictures Releasing,2019-01-04,100,USA,English,9000000.0,155700000.0,Bragi Schut,,,
A Dog's Way Home,Charles Martin Smith,Gavin Polone,W. Bruce CameronCathryn Michon,A Dog's Way Homeby W. Bruce Cameron,Ashley Judd Jonah Hauer-King Edward James Olmos Alexandra Shipp Wes Studi Bryce Dallas Howard,Mychael Danna,Peter Menzies Jr.,Debra Neil-FisherDavid S. ClarkSabrina Plisco,,Sony Pictures Releasing,2019-01-11,96,USA,English,18000000.0,80700000.0,,Columbia PicturesBona Film GroupPariah,,
The Upside,Neil Burger,Todd Black Jason Blumenthal Steve Tisch,Jon Hartmere,The Intouchablesby Olivier NakacheEric Toledano,Kevin Hart Bryan Cranston Nicole Kidman Golshifteh Farahani,Rob Simonsen,Stuart Dryburgh,Naomi Geraghty,Escape Artists,STXfilmsLantern Entertainment,2019-01-11,126,USA,English,37500000.0,125900000.0,,,,
Replicas,Jeffrey Nachmanoff,Lorenzo di Bonaventura Mark Gao Stephen Hamel Keanu Reeves Luis A. Riefkohl,Chad St. John,,Keanu Reeves Alice Eve Thomas Middleditch John Ortiz,Mark Kilian Jose Ojeda,Checco Varese,Pedro Javier Muñiz,Di Bonaventura Pictures Riverstone Pictures Company Films Ingenious Media Remstar Studios Fundamental Films Lotus Entertainment 74850 and Global Pictures Media LLC Ocean Park Entertainment,Entertainment Studios Motion Pictures,2019-01-11,107,USA,English,30000000.0,9300000.0,Stephen Hamel,,,
Glass,M. Night Shyamalan,M. Night Shyamalan Jason Blum Marc Bienstock Ashwin Rajan,,,James McAvoy Bruce Willis Anya Taylor-Joy Sarah Paulson Samuel L. Jackson,West Dylan Thordson,Mike Gioulakis,Luke CiarrocchiBlu Murray,,Universal Pictures (United States and Canada) Buena Vista International (international),2019-01-18,129,USA,English,20000000.0,247000000.0,,Blinding Edge Pictures Blumhouse Productions,M. Night Shyamalan,
The Kid Who Would Be King,Joe Cornish,Tim Bevan Eric Fellner Nira Park,,,Louis Ashbourne Serkis Tom Taylor Rebecca Ferguson Patrick Stewart,Electric Wave Bureau,Bill Pope,Jonathan Amos Paul Machliss,20th Century Fox Working Title Films Big Talk Pictures TSG Entertainment,20th Century Fox,2019-02-15,120,"UK, States",English,59000000.0,32100000.0,,,Joe Cornish,
Serenity,Steven Knight,Greg ShapiroGuy HeeleySteven Knight,,,Matthew McConaughey Anne Hathaway Diane Lane Jason Clarke Djimon Hounsou,Benjamin Wallfisch,Jess Hall,Laura Jennings,Global Road Entertainment Starlings Entertainment Nebulastar Shoebox Films,Aviron Pictures,2019-01-25,106,USA,English,25000000.0,14400000.0,,,Steven Knight,
Miss Bala,Catherine Hardwicke,Pablo Cruz Kevin Misher,,Miss Balaby Gerardo NaranjoMauricio Katz,Gina Rodriguez Ismael Cruz Córdova Anthony Mackie,Alex Heffes,Patrick Murguia,Terilyn A. Shropshire,,Sony Pictures Releasing,2019-02-01,104,"USA, Mexico",English Spanish,15000000.0,15400000.0,,Columbia Pictures Canana Films Misher Films,Gareth Dunnett-Alcocer,
The Lego Movie 2: The Second Part,Mike Mitchell,Dan Lin Phil LordChristopher Miller Roy Lee Jinko Gotoh,Phil Lord Christopher Miller,Lego Construction Toys,Chris Pratt Elizabeth Banks Will Arnett Tiffany Haddish Stephanie Beatriz Charlie Day Alison Brie Nick Offerman Maya Rudolph Will Ferrell,Mark Mothersbaugh,Shelly Johnson (live-action sequences),Clare Knight,,Warner Bros. Pictures,2019-02-08,107,"USA, Denmark, Australia",English,99000000.0,192300000.0,Phil Lord Christopher Miller Matthew Fogel,Warner Animation Group Rideback Vertigo Entertainment Animal Logic,,
What Men Want,Adam Shankman,James Lopez Will Packer,Tina GordonAlex GregoryPeter Huyck,What Women Wantby Josh GoldsmithCathy YuspaDiane Drake,Taraji P. Henson Aldis Hodge Josh Brener Erykah Badu Richard Roundtree Tracy Morgan,Brian Tyler,Jim Denault,Emma E. Hickox,Will Packer ProductionsBET FilmsParamount Players,Paramount Pictures,2019-02-08,117,USA,English,20000000.0,72200000.0,Tina GordonJas Waters,,,
Cold Pursuit,Hans Petter Moland,Finn Gjerdrum Stein B. Kvae Michael Shamberg Ameet Shukla,,In Order of Disappearanceby Kim Fupz Aakeson,Liam Neeson Tom Bateman Tom Jackson Emmy Rossum Domenick Lombardozzi Julia Jones John Doman Laura Dern,George Fenton,Philip Øgaard,Nicolaj Monberg,,Summit Entertainment,2019-02-08,118,"States, UK",English,60000000.0,76300000.0,,StudioCanal Summit Entertainment,Frank Baldwin,
The Prodigy,Nicholas McCarthy,Tripp Vinson,,,Taylor Schilling Jackson Robert Scott Colm Feore,Joseph Bishara,Bridger Nielson,Tom ElkinsBrian Ufberg,Orion Pictures Vinson Films XYZ Films,Orion Pictures,2019-02-08,92,"USA, Hong, Kong, Canada",English,6000000.0,21100000.0,,,Jeff Buhler,
Isn't It Romantic,Todd Strauss-Schulson,Todd Garner Grant Scharbo Gina Matthews,Erin Cardillo Dana Fox Katie Silberman,,Rebel Wilson Liam Hemsworth Adam DeVine Priyanka Chopra,John Debney,Simon Duggan,Andrew Marcus,New Line CinemaBron CreativeCamp SugarLittle EngineBroken Road Productions,"Warner Bros. Pictures (United States, Canada and Argentina) Netflix (international)",2019-02-13,89,USA,English,31000000.0,48800000.0,Erin Cardillo,,,
Happy Death Day 2U,Christopher Landon,Jason Blum,,Charactersby Scott Lobdell,Jessica Rothe Israel Broussard Suraj Sharma Steve Zissis,Bear McCreary,Toby Oliver,Ben Baudhuin,Blumhouse Productions,Universal Pictures,2019-02-13,100,USA,English,9000000.0,64599999.99999999,,,Christopher Landon,
Alita: Battle Angel,Robert Rodriguez,James Cameron Jon Landau,James CameronLaeta Kalogridis,Gunnmby Yukito Kishiro,Rosa Salazar Christoph Waltz Jennifer Connelly Mahershala Ali Ed Skrein Jackie Earle Haley Keean Johnson,Tom Holkenborg,Bill Pope,Stephen E. Rivkin Ian Silverstein,20th Century Fox Lightstorm Entertainment Troublemaker Studios TSG Entertainment,20th Century Fox,2019-02-14,122,USA,English,200000000.0,405000000.0,,,,
How to Train Your Dragon:The Hidden World,Dean DeBlois,Bonnie Arnold Brad Lewis,,How to Train Your Dragonby Cressida Cowell,Jay Baruchel America Ferrera Cate Blanchett Craig Ferguson F. Murray Abraham,John Powell,,John K. Carr,DreamWorks Animation Dentsu Fuji Television,Universal Pictures,2019-02-22,104,"USA, Japan",English,129000000.0,521799999.99999994,,,Dean DeBlois,
Fighting with My Family,Stephen Merchant,Kevin Misher Dwayne Johnson Dany Garcia Stephen Merchant Michael J. Luisi,,The Wrestlers: Fighting with My Family by Max Fisher,Florence Pugh Lena Headey Nick Frost Jack Lowden Vince Vaughn Dwayne Johnson,Vik Sharma Graham Coxon,Remi Adefarasin,Nancy Richardson,Metro-Goldwyn-MayerFilm4The Ink FactorySeven Bucks ProductionsMisher FilmsWWE Studios,Lionsgate UK (UK)Mirror Releasing (US)Universal Pictures (International),2019-02-27,108,"UK, States",English,11000000.0,41500000.0,,,Stephen Merchant,
A Madea Family Funeral,Tyler Perry,Ozzie Areu Will Areuy Mark E. Swinton,,,Cassi Davis Patrice Lovely Tyler Perry,Philip White,Richard Vialet,Larry Sexton,Tyler Perry Studios,Lionsgate,,109,USA,English,20000000.0,74800000.0,,,Tyler Perry,
Captain Marvel,Anna BodenRyan Fleck,Kevin Feige,Anna Boden Ryan Fleck Geneva Robertson-Dworet,Captain Marvelby Stan Lee Gene Colan Carol Danversby Roy Thomas Gene Colan,Brie Larson Samuel L. Jackson Ben Mendelsohn Djimon Hounsou Lee Pace Lashana Lynch Gemma Chan Annette Bening Clark Gregg Jude Law,Pinar Toprak,Ben Davis,Elliot Graham Debbie Berman,Marvel Studios,Walt Disney StudiosMotion Pictures,2019-03-08,124,USA,English,175000000.0,1128000000.0,Nicole Perlman Meg LeFauve Anna Boden Ryan Fleck Geneva Robertson-Dworet,,,
The Kid,Vincent D'Onofrio,Jordan Schur Nick Thurlow Sam Maydew David Mimran,Andrew Lanham,,Ethan Hawke Dane DeHaan Jake Schur Leila George Chris Pratt,Latham Gaines Shelby Gaines,Matthew J. Lloyd,Katharine McQuerrey,Suretone Pictures,Lionsgate Films,2019-03-08,96,USA,English,7000000.0,1600000.0,Vincent D'Onofrio Andrew Lanham,,,
Wonder Park,Dylan Brown,Josh Appelbaum André Nemec Kendra Halland,Josh Appelbaum André Nemec,,Jennifer Garner Matthew Broderick John Oliver Mila Kunis Kenan Thompson Ken Jeong Norbert Leo Butz Brianna Denski Ken Hudson Campbell,Steven Price,Juan García González,Edie Ichioka,,Paramount Pictures,2019-04-12,85,"USA, Spain",English,100000000.0,119600000.0,Robert Gordon Josh Appelbaum André Nemec,Paramount Animation Nickelodeon Movies Ilion Animation Studios,,
Captive State,Rupert Wyatt,David Crockett Rupert Wyatt,,,John Goodman Ashton Sanders Jonathan Majors Colson Baker Vera Farmiga,Rob Simonsen,Alex Disenhof,Andrew Groves,Participant,Focus Features,2019-03-15,109,USA,English,25000000.0,8800000.0,,,Erica Beeney Rupert Wyatt,
Nancy Drew and the Hidden Staircase,Katt Shea,Ellen DeGeneres Jeff Kleeman Chip Diggins,,Nancy Drewby Edward Stratemeyer The Hidden Staircaseby Carolyn Keene (Mildred Wirt Benson),Sophia Lillis Sam Trammell Linda Lavin,Sherri Chung,Edd Lukas,Richard Nord,A Very Good Production Red 56,Warner Bros. Pictures,2019-03-15,89,USA,English,17000000.0,946027.0,,,Nina Fiore John Herrera,
Five Feet Apart,Justin Baldoni,Cathy Schulman Justin Baldoni,,,Haley Lu Richardson Cole Sprouse Moisés Arias,Brian TylerBreton Vivian,Frank G. DeMarco,Angela M. Catanzaro,CBS Films Welle Entertainment Wayfarer Entertainment,CBS Films (via Lionsgate),2019-03-15,116,USA,English,7000000.0,91500000.0,,,Mikki Daughtry Tobias Iaconis,
Us,Jordan Peele,Jason Blum Ian Cooper Sean McKittrick Jordan Peele,,,Lupita Nyong'o Winston Duke Elisabeth Moss Tim Heidecker,Michael Abels,Mike Gioulakis,Nicholas Monsour,,Universal Pictures,2019-03-22,116,USA,English,20000000.0,255200000.0,,Monkeypaw ProductionsPerfect World Pictures,Jordan Peele,
Hotel Mumbai,Anthony Maras,Basil Iwanyk Gary Hamilton Andrew Ogilvie Jomon Thomas Mike Gabrawy Julie Ryan Brian Hayes,John Collee Anthony Maras,2008 Mumbai Attacks,Dev Patel Armie Hammer Nazanin Boniadi Tilda Cobham-Hervey Anupam Kher Jason Isaacs Suhail Nayyar,Volker Bertelmann,Nick Remy Matthews,Peter McNulty Anthony Maras,Thunder Road Pictures Arclight Films Electric Pictures Xeitgeist Entertainment Group ShivHans Pictures,Bleecker Street (United States) Icon Film Distribution (Australia) Zee Studios Purpose Entertainment (India),2019-11-29,125,"Australia, India, USA",EnglishHindi,17300000.0,21100000.0,,,,
Dragged Across Concrete,S. Craig Zahler,Sefton Fincham Jack Heller Tyler Jackson Keith Kjarval Dallas Sonnier,,,Mel Gibson Vince Vaughn Tory Kittles Michael Jai White Jennifer Carpenter Laurie Holden Fred Melamed Udo Kier Thomas Kretschmann Don Johnson,Jeff HerriottS. Craig Zahler,Benji Bakshi,Greg D'Auria,Unified Pictures Assemble Media Cinestate Look to the Sky Films Moot Point Productions,Summit Entertainment,2019-03-22,159,USA,English,15000000.0,660132.0,,,S. Craig Zahler,
Dumbo,Tim Burton,Justin Springer Ehren Kruger Katterli Frauenfelder Derek Frey,Ehren Kruger,"Disney's Dumboby Otto EnglanderJoe GrantDick Huemer Dumbo, the Flying Elephantby Helen AbersonHarold Pearl",Colin Farrell Michael Keaton Danny DeVito Eva Green Alan Arkin,Danny Elfman,Ben Davis,Chris Lebenzon,Walt Disney Pictures Tim Burton Productions Infinite Detective Productions Secret Machine Entertainment,Walt Disney Studios Motion Pictures,2019-03-29,112,USA,English,170000000.0,353300000.0,,,,
Unplanned,Cary Solomon Chuck Konzelman,Chris Jones Joe Knopp Daryl Lefever Cary Solomon Chuck Konzelman,Cary Solomon Chuck Konzelman,,Ashley Bratcher Brooks Ryan Robia Scott,Stephen Blake Kanicka,Drew Maw,Parker Adams Dana Wilson,Soli Deo Gloria,Pure Flix,2019-03-29,106,USA,English,6000000.0,21100000.0,,,,
Shazam!,David F. Sandberg,Peter Safran,Henry Gayden,Captain Marvelby Bill ParkerC. C. Beck,Zachary Levi Mark Strong Asher Angel Jack Dylan Grazer Djimon Hounsou,Benjamin Wallfisch,Maxime Alexandre,Michel Aller,New Line Cinema DC Films The Safran Company Seven Bucks Productions Mad Ghost Productions,Warner Bros. Pictures,2019-04-05,132,USA,English,100000000.0,366000000.0,Henry Gayden Darren Lemke,,,
Pet Sematary,Kevin Kölsch Dennis Widmyer,Lorenzo di Bonaventura Mark Vahradian Steven Schneider,Jeff Buhler,Pet Semataryby Stephen King,Jason Clarke Amy Seimetz John Lithgow,Christopher Young,Laurie Rose,Sarah Broshar,"Di Bonaventura Pictures Room 101, Inc.",Paramount Pictures,2019-04-05,101,USA,English,21000000.0,113100000.0,Matt Greenberg,,,
The Best of Enemies,Robin Bissell,Danny Strong Fred Bernstein Matt Berenson Robin Bissell Dominique Telson Tobey Maguire Matthew Plouffe,,The Best of Enemies: Race and Redemption in the New Southby Osha Gray Davidson,Taraji P. Henson Sam Rockwell,Marcelo Zarvos,David Lanzenberg,Harry Yoon,Astute Films Material Pictures,STX Films,2019-04-05,133,USA,English,10000000.0,10200000.0,,,Robin Bissell,
High Life,Claire Denis,Andrew Lauren D.J. Gugenheim Claudia Steffen Christoph Friedel Laurence Clerc Olivier Théry-Lapiney Oliver Dungey Klaudia Smieja,,,Robert Pattinson Juliette Binoche André Benjamin Mia Goth Agata Buzek Lars Eidinger Claire Tran Ewan Mitchell Gloria Obianyo Victor Banerjee Scarlette Lindsey Jessie Ross,Stuart A. Staples,Yorick Le Saux,Guy Lecorne,,Wild Bunch (France) Pandora Filmproduktion (Germany) Thunderbird Releasing (United Kingdom) Against Gravity (Poland) A24 (United States),,110,"France, Germany, Poland, UK, States",English,8000000.0,1900000.0,,Andrew Lauren Productions Pandora Filmproduktion Alcatraz Films The Apocalypse Films Company Madants BFI Arte ZDF Canal+ Ciné+,Claire Denis Jean-Pol Fargeau,
Hellboy,Neil Marshall,Lawrence Gordon Lloyd Levin Mike Richardson Philip Westgren Carl Hampe Matt O'Toole Les Weldon Yariv Lerner,Andrew Cosby,Hellboyby Mike Mignola,David Harbour Milla Jovovich Ian McShane Sasha Lane Daniel Dae Kim Thomas Haden Church,Benjamin Wallfisch,Lorenzo Senatore,Martin Bernfeld,,LionsgateMillennium Media,2019-04-12,121,USA,English,50000000.0,44700000.0,,Lawrence Gordon/Lloyd Levin Productions Millennium Films Summit Entertainment Dark Horse Entertainment Nu Boyana Campbell Grobman Films,,
Little,Tina Gordon,Will Packer Kenya Barris James Lopez,Tracy OliverTina Gordon,,Regina Hall Issa Rae Marsai Martin,Germaine Franco,Greg Gardiner,David Moritz,Legendary Pictures Will Packer Productions Perfect World Pictures,Universal Pictures,2019-04-12,109,USA,English,20000000.0,49000000.0,Tracy Oliver,,,
Missing Link,Chris Butler,Arianne Sutner Travis Knight,Chris Butler,,Hugh Jackman Zoe Saldana Zach Galifianakis,Carter Burwell,Chris Peterson,Stephen Perkins,Annapurna Pictures Laika,United Artists Releasing(U.S.) AGC International(International),2019-04-12,93,USA,English,102300000.0,26200000.0,,,,
After,Jenny Gage,Jennifer Gibgot Courtney Solomon Mark Canton Aron Levitz Anna Todd Meadow Williams Dennis Pelino,Susan McMartin Tamara Chestna Jenny Gage,Afterby Anna Todd,Josephine Langford Hero Fiennes Tiffin Selma Blair Inanna Sarkis Shane Paul McGhie Pia Mia Khadijha Red Thunder Dylan Arnold Samuel Larsen Jennifer Beals Peter Gallagher,Justin Burnett,Adam Silver Tom Betterton,Michelle Harrison,,Aviron Pictures,2019-04-12,106,USA,English,14000000.0,69700000.0,,Voltage Pictures CalMaple Media Diamond Film Productions Offspring Entertainment Frayed Pages Entertainment Wattpad,,
Breakthrough,Roxann Dawson,DeVon Franklin,,The Impossibleby Joyce SmithGinger Kolbaba,Chrissy Metz Josh Lucas Topher Grace Mike Colter Marcel Ruiz Sam Trammell Dennis Haysbert,Marcelo Zarvos,Zoran Popovic,Maysie Hoy,,20th Century Fox,2019-04-17,116,USA,English,14000000.0,50400000.0,,Fox 2000 Pictures Franklin Entertainment,Grant Nieporte,
The Curse of La Llorona,Michael Chaves,James Wan Gary Dauberman Emile Gladstone,,,Linda Cardellini Raymond Cruz Patricia Velásquez,Joseph Bishara,Michael Burgess,Peter Gvozdas,New Line Cinema Atomic Monster Productions Emile Gladstone Productions,Warner Bros. Pictures,2019-04-19,93,USA,English Spanish,9000000.0,123100000.0,,,Mikki Daughtry Tobias Iaconis,
Avengers: Endgame,Anthony RussoJoe Russo,Kevin Feige,Christopher MarkusStephen McFeely,The Avengersby Stan LeeJack Kirby,Robert Downey Jr. Chris Evans Mark Ruffalo Chris Hemsworth Scarlett Johansson Jeremy Renner Don Cheadle Paul Rudd Brie Larson Karen Gillan Danai Gurira Benedict Wong Jon Favreau Bradley Cooper Gwyneth Paltrow Josh Brolin,Alan Silvestri,Trent Opaloch,Jeffrey Ford Matthew Schmidt,Marvel Studios,Walt Disney StudiosMotion Pictures,2019-04-26,181,USA,English,356000000.0,2798000000.0,,,,
Long Shot,Jonathan Levine,Seth Rogen Charlize Theron A.J. Dix Beth Kono Evan Goldberg James Weaver,Dan Sterling Liz Hannah,,Seth Rogen Charlize Theron O'Shea Jackson Jr. Andy Serkis June Diane Raphael Bob Odenkirk Alexander Skarsgård,Marco BeltramiMiles Hankins,Yves Bélanger,Melissa BrethertonEvan Henke,Summit Entertainment Good Universe Point Grey Pictures Denver + Delilah Productions,Lionsgate,2019-05-03,124,USA,English,40000000.0,53900000.0,Dan Sterling,,,
The Intruder,Deon Taylor,Deon Taylor Roxanne Avent Mark Burg Brad Kaplan Jonathan Schwartz,,,Michael Ealy Meagan Good Joseph Sikora Dennis Quaid,Geoff Zanelli,Daniel Pearl,Melissa Kent,,Sony Pictures Releasing,2019-05-03,102,USA,English,8000000.0,40600000.0,,Screen Gems Hidden Empire Film Group Primary Wave Entertainment,David Loughery,
UglyDolls,Kelly Asbury,Jane Hartwell Robert Rodriguez Oren Aviv,Alison Peck,Uglydollby David HorvathSun-min Kim,Kelly Clarkson Nick Jonas Janelle Monáe Blake Shelton Wang Leehom Pitbull Wanda Sykes Gabriel Iglesias Emma Roberts Bebe Rexha Charli XCX Lizzo,Christopher Lennertz,,Julie Rogers Nolan Southerland,STX Family Reel FX Animation Studios Alibaba Pictures Huaxia Film Distribution Original Force Troublemaker Studios,STX Entertainment,,87,"USA, Canada, China",English,53000000.0,32500000.0,Robert Rodriguez,,,
The Hustle,Chris Addison,Roger Birnbaum Rebel Wilson,Stanley ShapiroPaul HenningDale LaunerJac Schaeffer,,Anne Hathaway Rebel Wilson Alex Sharp Dean Norris,Anne Dudley,Michael Coulter,Anthony Boys,Metro-Goldwyn-Mayer Pin High Productions Cave 76 Productions Camp Sugar Productions,United Artists Releasing (United States) Universal Pictures (International),2019-05-10,94,USA,English,21000000.0,97900000.0,Stanley ShapiroPaul HenningDale Launer,,,
Tolkien,Dome Karukoski,Peter Chernin Jenno Topping David Ready Kris Thykier,,,Nicholas Hoult Lily Collins Colm Meaney Derek Jacobi,Thomas Newman,Lasse Frank,Harri Ylönen,Fox Searchlight Pictures Chernin Entertainment,Fox Searchlight Pictures,2019-05-10,112,USA,English,20000000.0,9000000.0,,,David Gleeson Stephen Beresford,
Poms,Zara Hayes,Rose Ganguzza Celyn Jones Sean Marley Kelly McCormick Ade Shannon Andy Evans,Shane Atkinson,,Diane Keaton Jacki Weaver Pam Grier Celia Weston Alisha Boe Phyllis Somerville Charlie Tahan Bruce McGill Rhea Perlman,Deborah Lurie,Tim Orr,Annette Davey,,STX Entertainment,2019-05-10,90,USA,English,10000000.0,16500000.0,Zara Hayes Shane Atkinson,Entertainment One Sierra/Affinity Mad As Birds Rose Pictures,,
The Professor and the Madman,P. B. Shemran,Nicolas Chartier Gastón Pavlovich,Todd Komarnicki P. B. Shemran,The Surgeon of Crowthorneby Simon Winchester,Mel Gibson Sean Penn Natalie Dormer Eddie Marsan Jennifer Ehle Jeremy Irvine David O'Hara Ioan Gruffudd Stephen Dillane Steve Coogan,Bear McCreary,Kasper Tuxen,Dino Jonsater,Fastnet Films Voltage Pictures Fábrica de Cine,Vertical Entertainment,2019-05-10,124,"USA, Ireland",English,25000000.0,6200000.0,,,,
John Wick: Chapter 3 – Parabellum,Chad Stahelski,Basil Iwanyk Erica Lee,Derek Kolstad Shay Hatten Chris Collins Marc Abrams,Charactersby Derek Kolstad,Keanu Reeves Halle Berry Laurence Fishburne Mark Dacascos Asia Kate Dillon Lance Reddick Anjelica Huston Ian McShane,Tyler Bates Joel J. Richard,Dan Laustsen,Evan Schiff,Summit Entertainment Thunder Road Pictures 87Eleven Productions,Lionsgate,2019-05-17,131,USA,English,75000000.0,326700000.0,Derek Kolstad,,,
A Dog's Journey,Gail Mancuso,Gavin Polone,W. Bruce Cameron Cathryn Michon Maya Forbes Wally Wolodarsky,A Dog's Journeyby W. Bruce Cameron,Marg Helgenberger Betty Gilpin Henry Lau Kathryn Prescott Dennis Quaid Josh Gad,Mark IshamEmily Bear,Rogier Stoffers,Robert Komatsu,Amblin Entertainment Reliance Entertainment Walden Media Alibaba Pictures Pariah Entertainment Group,Universal Pictures (United States and International) Reliance Entertainment (India) Entertainment One (Foreign Territories),2019-05-17,109,USA,English,16000000.0,75800000.0,,,,
The Sun Is Also a Star,Ry Russo-Young,Elysa Koplowitz Dutton Leslie Morgenstein,Tracy Oliver,The Sun Is Also a Starby Nicola Yoon,Yara Shahidi Charles Melton,Herdis Stefánsdóttir,Autumn Durald,Joe Landauer,Warner Bros. Pictures Alloy Entertainment Metro-Goldwyn-Mayer,Warner Bros. Pictures,2019-05-17,100,USA,English,9000000.0,6800000.0,,,,
Aladdin,Guy Ritchie,Dan Lin Jonathan Eirich,John August Guy Ritchie,Disney's Aladdinby Ron ClementsJohn MuskerTed ElliottTerry Rossio Aladdin and the Magic Lamp from One Thousand and One Nights,Will Smith Mena Massoud Naomi Scott Marwan Kenzari Navid Negahban Nasim Pedrad Billy Magnussen,Songs: Alan Menken Howard Ashman Tim Rice Pasek & Paul Score: Alan Menken,Alan Stewart,James Herbert,Walt Disney Pictures Rideback Marc Platt Productions,Walt Disney StudiosMotion Pictures,2019-05-24,128,USA,English,183000000.0,1050999999.9999999,,,,
Brightburn,David Yarovesky,James Gunn Kenneth Huang,,,Elizabeth Banks David Denman Jackson A. Dunn Matt Jones Meredith Hagner,Timothy Williams,Michael Dallatorre,Andrew S. Eisen,Screen Gems Stage 6 Films The H Collective Troll Court Entertainment,Sony Pictures Releasing,2019-05-24,90,USA,English,12000000.0,32900000.0,,,Brian Gunn Mark Gunn,
Booksmart,Olivia Wilde,Megan Ellison Chelsea Barnard David Distenfield Jessica Elbaum Katie Silberman Isabelle Nuru Dayne,,,Kaitlyn Dever Beanie Feldstein Jessica Williams,Dan the Automator,Jason McCormick,Brent White Jamie Gross,,United Artists Releasing,2019-05-24,105,USA,English,6000000.0,24900000.0,,Annapurna Pictures Gloria Sanchez Productions,Emily Halpern Sarah Haskins Susanna Fogel Katie Silberman,
Godzilla: King of the Monsters,Michael Dougherty,Mary Parent Alex Garcia Thomas Tull Jon Jashni Brian Rogers,Michael Dougherty Zach Shields,"Godzilla, King Ghidorah, Mothra, Rodanby Toho",Kyle Chandler Vera Farmiga Millie Bobby Brown Bradley Whitford Sally Hawkins Charles Dance Thomas Middleditch Aisha Hinds O'Shea Jackson Jr. David Strathairn Ken Watanabe Zhang Ziyi,Bear McCreary,Lawrence Sher,Roger Barton Richard Pearson Bob Ducsay,Legendary Pictures Warner Bros. Toho Wanda Qingdao Studios,Warner Bros. Pictures (worldwide) Toho (Japan),2019-05-31,132,"USA, Japan, China, Mexico",English,200000000.0,386600000.0,Max Borenstein Michael Dougherty Zach Shields,,,
Rocketman,Dexter Fletcher,Adam Bohling David Furnish David Reid Matthew Vaughn,,,Taron Egerton Jamie Bell Richard Madden Bryce Dallas Howard,Matthew Margeson,George Richmond,Chris Dickens,,Paramount Pictures,2019-05-31,121,"UK, States",English,40000000.0,195200000.0,,New Republic Pictures Marv Films Rocket Pictures,Lee Hall,
Ma,Tate Taylor,Jason Blum Tate Taylor John Norris,Scotty Landes Tate Taylor,,Octavia Spencer Juliette Lewis Diana Silvers Corey Fogelmanis Luke Evans,Gregory Tripi,Christina Voros,Lucy Donaldson Jin Lee,,Universal Pictures,2019-05-31,99,USA,English,5000000.0,61100000.0,Scotty Landes,Blumhouse Productions Wyolah Films,,
Dark Phoenix,Simon Kinberg,Simon Kinberg Hutch Parker Lauren Shuler Donner Todd Hallowell,,X-Menby Stan LeeJack Kirby The Dark Phoenix Sagaby Chris ClaremontJohn Byrne,James McAvoy Michael Fassbender Jennifer Lawrence Nicholas Hoult Sophie Turner Tye Sheridan Alexandra Shipp Jessica Chastain,Hans Zimmer,Mauro Fiore,Lee Smith,20th Century Fox Marvel Entertainment The Donners' Company TSG Entertainment,20th Century Fox,2019-06-07,114,USA,English,200000000.0,252400000.0,,,Simon Kinberg,
The Secret Life of Pets 2,Chris Renaud,Chris Meledandri Janet Healy,,,Patton Oswalt Kevin Hart Eric Stonestreet Jenny Slate Tiffany Haddish Lake Bell Nick Kroll Dana Carvey Ellie Kemper Chris Renaud Hannibal Buress Bobby Moynihan Harrison Ford,Alexandre Desplat,,Tiffany Hillkurtz,,Universal Pictures,2019-06-07,86,USA,English,80000000.0,430000000.0,,Universal Pictures Illumination,Brian Lynch,
Late Night,Nisha Ganatra,Ben Browning Jillian Apfelbaum Mindy Kaling Howard Klein,,,Emma Thompson Mindy Kaling Max Casella Hugh Dancy John Lithgow Denis O'Hare Reid Scott Amy Ryan,Lesley Barber,Matthew Clark,Eleanor Infante,FilmNation Entertainment 30West Imperative Entertainment 3 Arts Entertainment Kaling International,Amazon Studios (United States) Sony Pictures Releasing International Stage 6 Films (International),2019-06-07,102,USA,English,9500000.0,22400000.0,,,Mindy Kaling,
The Last Black Man in San Francisco,Joe Talbot,Khaliah Neal Joe Talbot Dede Gardner Jeremy Kleiner Christina Oh,Joe Talbot Rob Richert,,Jimmie Fails Jonathan Majors Tichina Arnold Rob Morgan Mike Epps Finn Wittrock Danny Glover,Emile Mosseri,Adam Newport-Berra,David Marks,,A24,2019-06-07,120,USA,English,2000000.0,4600000.0,Jimmie Fails Joe Talbot,Plan B Entertainment Longshot Features,,
Men in Black: International,F. Gary Gray,Walter F. ParkesLaurie MacDonald,,The Men in Blackby Lowell CunninghamSandy Carruthers,Chris Hemsworth Tessa Thompson Rebecca Ferguson Kumail Nanjiani Rafe Spall Laurent Bourgeois Larry Bourgeois Emma Thompson Liam Neeson,Danny Elfman Chris Bacon,Stuart Dryburgh,Zene Baker Christian Wagner,,Sony Pictures Releasing,2019-06-14,115,USA,English,110000000.0,253900000.0,,Columbia Pictures Amblin Entertainment P + M Productions Image Nation Tencent Pictures The Hideaway Entertainment,Art MarcumMatt Holloway,
Shaft,Tim Story,John Davis,,John Shaftby Ernest Tidyman,Samuel L. Jackson Jessie T. Usher Regina Hall Alexandra Shipp Richard Roundtree,Christopher Lennertz,Larry Blanford,Peter S. Elliot,New Line Cinema Davis Entertainment Netflix Original Films,Warner Bros. Pictures(United States)Netflix(International),2019-06-14,112,USA,English,35000000.0,21400000.0,,,Kenya Barris Alex Barnow,
Toy Story 4,Josh Cooley,Mark Nielsen Jonas Rivera,Andrew Stanton Stephany Folsom,,Tom Hanks Tim Allen Annie Potts Tony Hale Keegan-Michael Key Jordan Peele Madeleine McGraw Christina Hendricks Keanu Reeves Ally Maki Jay Hernandez Lori Alan Joan Cusack,Randy Newman,Patrick Lin Jean-Claude Kalache,Axel Geddes,,Walt Disney StudiosMotion Pictures,2019-06-21,100,USA,English,200000000.0,1073000000.0,John Lasseter Andrew Stanton Josh Cooley Valerie LaPointe Rashida Jones Will McCormack Martin Hynes Stephany Folsom,Walt Disney Pictures Pixar Animation Studios,,
Child's Play,Lars Klevberg,David KatzenbergSeth Grahame-Smith,Tyler Burton Smith,Child's Playby Don Mancini,Aubrey Plaza Gabriel Bateman Brian Tyree Henry Mark Hamill,Bear McCreary,Brendan Uegama,Tom Elkins,Orion Pictures KatzSmith Productions BRON Creative,United Artists Releasing,2019-06-21,90,"USA, Canada",English,10000000.0,44900000.0,,,,
Annabelle Comes Home,Gary Dauberman,James Wan Peter Safran,Gary Dauberman,,Mckenna Grace Madison Iseman Katie Sarife Vera Farmiga Patrick Wilson,Joseph Bishara,Michael Burgess,Kirk M. Morri,New Line Cinema Atomic Monster Productions The Safran Company,Warner Bros. Pictures,2019-06-26,106,USA,English,32000000.0,231300000.0,James Wan Gary Dauberman,,,
Yesterday,Danny Boyle,Tim Bevan Eric Fellner Bernie Bellew Matthew James Wilkinson Richard Curtis Danny Boyle,Richard Curtis,,Himesh Patel Lily James Joel Fry Ed Sheeran Kate McKinnon,Daniel Pemberton,Christopher Ross,Jon Harris,Perfect World Pictures Working Title Films Decibel Films Dentsu Inc.,Universal Pictures,2019-06-28,116,"UK, States, China, Japan",English,41300000.0,153000000.0,Jack Barth Richard Curtis,,,
Spider-Man: Far From Home,Jon Watts,Kevin Feige Amy Pascal,,Spider-Manby Stan LeeSteve Ditko,Tom Holland Samuel L. Jackson Zendaya Cobie Smulders Jon Favreau J. B. Smoove Jacob Batalon Martin Starr Marisa Tomei Jake Gyllenhaal,Michael Giacchino,Matthew J. Lloyd,Dan Lebental Leigh Folsom Boyd,,Sony Pictures Releasing,2019-07-02,129,USA,English,160000000.0,1132000000.0,,Columbia Pictures Marvel Studios Pascal Pictures,Chris McKenna Erik Sommers,
Escape Plan: The Extractors,John Herzfeld,Robbie Brenner Mark Canton Randall Emmett George Furla Zack Schiller,Miles Chapman John Herzfeld,,"Sylvester Stallone Max Zhang Dave Bautista Devon Sawa Jaime King Malese Jow Harry Shum, Jr. Russell Wong Lydia Hull Curtis Jackson",Victor Reyes,Jacques Jouffret,Sean Albertson,Emmett/Furla/Oasis Films Diamond Films Productions Leomus Pictures The Fyzz INGENI0US MoviePass,Highland Film Group (United States)Universal Pictures (International),2019-07-02,96,USA,EnglishChinese,3600000.0,1800000.0,,,,
Midsommar,Ari Aster,Patrik Andersson Lars Knudsen,,,Florence Pugh Jack Reynor William Jackson Harper Vilhelm Blomgren Ellora Torchia Archie Madekwe Will Poulter,Bobby Krlic,Pawel Pogorzelski,Lucian Johnston,,A24(United States)Nordisk Film(Sweden),2019-07-10,148,"USA, Sweden",English,9000000.0,47900000.0,,Square Peg B-Reel Films,Ari Aster,
Stuber,Michael Dowse,Jonathan Goldstein John Francis Daley,,,Kumail Nanjiani Dave Bautista Iko Uwais Natalie Morales Betty Gilpin Jimmy Tatro Mira Sorvino Karen Gillan,Joseph Trapanese,Bobby Shore,Jonathan Schwartz,GoldDay Productions,20th Century Fox,2019-07-12,93,USA,English,16000000.0,32400000.0,,,Tripper Clancy,
Crawl,Alexandre Aja,Craig J. Flores Sam Raimi Alexandre Aja,,,Kaya Scodelario Barry Pepper,Max Aruj Steffen Thum,Maxime Alexandre,Elliot Greenberg,Raimi Productions Fire Axe Pictures,Paramount Pictures,2019-07-12,87,USA,English,13500000.0,91500000.0,,,Michael Rasmussen Shawn Rasmussen,
The Farewell,Lulu Wang,Daniele Melia Marc Turtletaub Peter Saraf Andrew Miano Chris Weitz Jane Zheng Lulu Wang Anita Gou,,,Awkwafina Tzi Ma Zhao Shu-zhen,Alex Weston,Anna Franquesa Solano,Michael Taylor Matthew Friedman,,A24,2019-07-12,100,USA,Mandarin English,3000000.0,22500000.0,,Ray Productions Big Beach Depth of Field Kindred Spirit,Lulu Wang,
The Lion King,Jon Favreau,Jon Favreau Jeffrey Silver Karen Gilchrist,Jeff Nathanson,Disney's The Lion Kingby Irene MecchiJonathan RobertsLinda Woolverton,Donald Glover Seth Rogen Chiwetel Ejiofor Alfre Woodard Billy Eichner John Kani John Oliver Beyoncé Knowles-Carter James Earl Jones,Hans Zimmer,Caleb Deschanel,Mark Livolsi Adam Gerstel,Walt Disney Pictures Fairview Entertainment,Walt Disney StudiosMotion Pictures,2019-07-19,118,USA,English,260000000.0,1657000000.0,,,,
Once Upon a Time in Hollywood,Quentin Tarantino,David Heyman Shannon McIntosh Quentin Tarantino,,,Leonardo DiCaprio Brad Pitt Margot Robbie Emile Hirsch Margaret Qualley Timothy Olyphant Austin Butler Dakota Fanning Bruce Dern Al Pacino,,Robert Richardson,Fred Raskin,,Sony Pictures Releasing,2019-08-14,161,"States, UK, China",English,96000000.0,374300000.0,,Columbia Pictures Bona Film Group Heyday Films Visiona Romantica,Quentin Tarantino,
Fast & Furious Presents: Hobbs & Shaw,David Leitch,Dwayne Johnson Jason Statham Chris Morgan Hiram Garcia,Chris Morgan Drew Pearce,,Dwayne Johnson Jason Statham Idris Elba Vanessa Kirby Eiza González Cliff Curtis Helen Mirren,Tyler Bates,Jonathan Sela,Christopher Rouse,Seven Bucks Productions Chris Morgan Productions,Universal Pictures,2019-08-02,137,USA,English,200000000.0,759900000.0,Chris Morgan,,,
Dora and the Lost City of Gold,James Bobin,Kristin Burr,Nicholas StollerMatthew Robinson,Dora the Explorerby Chris GiffordValerie Walsh ValdesEric Weiner,Isabela Moner Eugenio Derbez Michael Peña Eva Longoria Adriana Barraza Danny Trejo,John DebneyGermaine Franco,Javier Aguirresarobe,Mark Everson,Paramount PlayersNickelodeon MoviesWalden MediaMedia Rights CapitalBurr! ProductionsScreen Queensland,Paramount Pictures,2019-08-09,102,USA,English,49000000.0,120700000.0,Tom WheelerNicholas Stoller,,,
The Kitchen,Andrea Berloff,Michael De Luca Marcus Viscidi,,The Kitchenby Ollie MastersMing Doyle,Melissa McCarthy Tiffany Haddish Elisabeth Moss Domhnall Gleeson James Badge Dale Brian d'Arcy James Margo Martindale Common Bill Camp,Bryce Dessner,Maryse Alberti,Christopher Tellefsen,New Line Cinema Bron Creative DC Vertigo Michael De Luca Productions,Warner Bros. Pictures,2019-08-09,103,USA,English,38000000.0,16000000.0,,,Andrea Berloff,
The Art of Racing in the Rain,Simon Curtis,Patrick Dempsey Tania Landau Neal H. Moritz,Mark Bomback,The Art of Racing in the Rainby Garth Stein,Milo Ventimiglia Amanda Seyfried Kathy Baker Martin Donovan Gary Cole,Dustin O'HalloranVolker Bertelmann,Ross Emery,Adam Recht,Fox 2000 Pictures Original Film Starbucks Entertainment Shifting Gears Productions,20th Century Fox,2019-08-09,109,USA,English,18000000.0,33800000.0,,,,Kevin Costner
Scary Stories to Tell in the Dark,André Øvredal,Guillermo del Toro Sean Daniel Jason F. Brown J. Miles Dale Elizabeth Grave,Dan Hageman Kevin Hageman,Scary Stories to Tell in the Darkby Alvin Schwartz,Zoe Colletti Michael Garza Gabriel Rush Austin Zajur Natalie Ganzhorn Austin Abrams Dean Norris Gil Bellows Lorraine Toussaint,Marco Beltrami Anna Drubich,Roman Osin,Patrick Larsgaard,CBS Films Entertainment One 1212 Entertainment Double Dare You Productions Sean Daniel Company,Lionsgate,2019-08-09,108,"USA, Canada",English,28000000.0,106000000.0,Guillermo del Toro Patrick Melton Marcus Dunstan,,,
The Peanut Butter Falcon,Tyler Nilson Michael Schwartz,Albert Berger Christopher Lemole Lije Sarki David Thies Ron Yerxa Tim Zajaros,,,Shia LaBeouf Zack Gottsagen Dakota Johnson John Hawkes Bruce Dern Jon Bernthal Thomas Haden Church,Zachary Dawes Noam Pikelny Jonathan Sadoff Gabe Witcher,Nigel Bluck,Kevin Tent Nathaniel Fuller,Armory Films Lucky Treehouse Bona Fide Productions Endeavor Content,Roadside Attractions,2019-08-09,98,USA,English,6200000.0,23300000.0,,,Tyler Nilson Michael Schwartz,
The Angry Birds Movie 2,Thurop Van Orman,John Cohen,Peter Ackerman Eyal Podell Jonathon E. Stewart,Characters from Angry Birdsby Rovio Entertainment,Jason Sudeikis Josh Gad Leslie Jones Bill Hader Rachel Bloom Awkwafina Sterling K. Brown Eugenio Derbez Tiffany Haddish Danny McBride Peter Dinklage Pete Davidson Zach Woods Dove Cameron Lil Rel Howery,Heitor Pereira,Simon Dunsdon,Kent Beyda Ally Garrett,,Sony Pictures Releasing,2019-08-14,97,"Finland, USA",English,65000000.0,154000000.0,,Columbia Pictures Sony Pictures Animation Rovio Entertainment,,
Good Boys,Gene Stupnitsky,Lee Eisenberg Evan Goldberg Seth Rogen James Weaver,,,Jacob Tremblay Keith L. Williams Brady Noon Molly Gordon Lil Rel Howery Midori Francis,Lyle Workman,Jonathan Furmanski,Daniel Gaby,,Universal Pictures,2019-08-14,89,USA,English,20000000.0,111200000.0,,Good Universe Point Grey Pictures Quantity Entertainment,Lee Eisenberg Gene Stupnitsky,
Blinded by the Light,Gurinder Chadha,Jane Barclay Gurinder Chadha Jamal Daniel,,"Greetings from Bury Park: Race, Religion and Rock N’ Rollby Sarfraz Manzoor",Viveik Kalra Kulvinder Ghir Meera Ganatra Nell Williams Aaron Phagura Dean-Charles Chapman,A. R. Rahman,Ben Smithard,Justin Krish,Levantine Films INGENIθUS Bend It Films Cornerstone Films,Entertainment One Films,2019-08-09,117,UK,English,15000000.0,18100000.0,,,Paul Mayeda Berges Gurinder Chadha Sarfraz Manzoor,
"Where'd You Go, Bernadette",Richard Linklater,Nina Jacobson Brad Simpson Ginger Sledge,Richard Linklater Holly Gent Vince Palmo,"Where'd You Go, Bernadetteby Maria Semple",Cate Blanchett Billy Crudup Kristen Wiig Judy Greer Laurence Fishburne,Graham Reynolds Sam Lipman,Shane F. Kelly,Sandra Adair,,United Artists Releasing,2019-08-16,109,USA,English,18000000.0,10400000.0,,Annapurna Pictures Color Force Detour Filmproduction,,
47 Meters Down: Uncaged,Johannes Roberts,James Harris Mark Lane Robert Jones,Johannes Roberts Ernest Riera,,Sophie Nélisse Corinne Foxx Brianne Tju Sistine Stallone Davi Santos Khylin Rhambo Brec Bassinger John Corbett Nia Long,Tomandandy,Mark Silk,Martin Brinkler,,Entertainment Studios Motion Pictures,2019-08-16,89,"States, UK",English,12000000.0,46700000.0,,The Fyzz Facility,,
Ready or Not,Matt Bettinelli-Olpin Tyler Gillett,Tripp Vinson James Vanderbilt William Sherak Bradley J. Fischer,,,Samara Weaving Adam Brody Mark O'Brien Henry Czerny Andie MacDowell,Brian Tyler,Brett Jutkiewicz,Terel Gibson,,Fox Searchlight Pictures,2019-08-21,95,USA,English,6000000.0,57600000.0,,Mythology Entertainment Vinson Films,Guy Busick R. Christopher Murphy,
Angel Has Fallen,Ric Roman Waugh,Gerard Butler Alan Siegel Matt O'Toole John Thompson Les Weldon Yariv Lerner,Robert Mark Kamen Matt Cook Ric Roman Waugh,Charactersby Creighton RothenbergerKatrin Benedikt,Gerard Butler Morgan Freeman Jada Pinkett Smith Lance Reddick Tim Blake Nelson Piper Perabo Nick Nolte Danny Huston,David Buckley,Jules O'Loughlin,Gabriel Fleming,Millennium Media G-BASE,Lionsgate,2019-08-23,121,USA,English,80000000.0,146700000.0,Creighton Rothenberger Katrin Benedikt,,,
Overcomer,Alex Kendrick,Aaron Burns Justin Tolley Stephen Kendrick,,,Alex Kendrick Priscilla Shirer Shari Rigby Jack Sterner Cameron Arnett Aryn Wright-Thompson,Paul Mills,Bob Scott,Alex Kendrick Steve Hullfish Bill Ebel,,Sony Pictures Releasing Affirm Films,2019-08-23,119,USA,,5000000.0,38000000.0,,Kendrick Brothers Provident Films,Alex Kendrick Stephen Kendrick,
Don't Let Go,Jacob Aaron Estes,Jason Blum Bobby Cohen David Oyelowo,Jacob Aaron Estes,,David Oyelow Storm Reid Byron Mann Mykelti Williamson,Ethan Gold,Sharone Meir,Scott D. Hanson Billy Fox,Blumhouse Productions Briarcliff Entertainment,OTL Releasing BH Tilt,2019-08-30,107,USA,English,5000000.0,5300000.0,Jacob Aaron Estes Drew Daywalt,,,
It Chapter Two,Andy Muschietti,Barbara Muschietti Dan Lin Roy Lee,Gary Dauberman,Itby Stephen King,Jessica Chastain James McAvoy Bill Hader Isaiah Mustafa Jay Ryan James Ransone Andy Bean Bill Skarsgård,Benjamin Wallfisch,Checco Varese,Jason Ballantine,,Warner Bros. Pictures,2019-09-06,169,USA,English,79000000.0,473100000.0,,New Line Cinema Double Dream Vertigo Entertainment Rideback,,
The Goldfinch,John Crowley,Nina Jacobson Brad Simpson,Peter Straughan,The Goldfinchby Donna Tartt,Ansel Elgort Oakes Fegley Aneurin Barnard Finn Wolfhard Sarah Paulson Luke Wilson Jeffrey Wright Nicole Kidman,Trevor Gureckis,Roger Deakins,Kelley Dixon,Amazon Studios Color Force,Warner Bros. Pictures,2019-09-13,149,USA,English,49000000.0,9900000.0,,,,
Hustlers,Lorene Scafaria,Jessica Elbaum Will Ferrell Adam McKay Elaine Goldsmith-Thomas Jennifer Lopez Benny Medina,Lorene Scafaria,"""The Hustlers at Scores""by Jessica Pressler",Constance Wu Jennifer Lopez Julia Stiles Keke Palmer Lili Reinhart Lizzo Cardi B,,Todd Banhazl,Kayla Emter,Gloria Sanchez Productions Nuyorican Productions Annapurna Pictures,STXfilms,2019-09-13,110,USA,English,20700000.0,157600000.0,,,,
Monos,Alejandro Landes,Alejandro Landes Fernando Epstein Santiago Zapata Cristina Landes,,,Julianne Nicholson Moisés Arias,Mica Levi,Jasper Wolf,Yorgos Mavropsaridis Ted Guard Santiago,,Neon (United States) Cine Colombia (Colombia),2019-09-13,103,"Colombia, USA",Spanish,2000000.0,1300000.0,,Stela Cine Participant,Alejandro Landes Alexis Dos Santos,
Ad Astra,James Gray,Brad Pitt Dede Gardner Jeremy Kleiner James Gray Arnon Milchan Anthony Katagas Rodrigo Teixeira,,,Brad Pitt Tommy Lee Jones Ruth Negga Liv Tyler Donald Sutherland,Max Richter,Hoyte van Hoytema,John Axelrad Lee Haugen,,20th Century Fox(Worldwide) Polybona Films(China),2019-09-20,124,USA,English,100000000.0,135400000.0,,Regency Enterprises Bona Film Group New Regency Plan B Entertainment RT Features Keep Your Head Productions MadRiver Pictures TSG Entertainment,James Gray Ethan Gross,
Downton Abbey,Michael Engler,Julian Fellowes Gareth Neame Liz Trubridge,Julian Fellowes,Downton Abbeyby Julian Fellowes,Hugh Bonneville Jim Carter Michelle Dockery Elizabeth McGovern Maggie Smith Imelda Staunton Penelope Wilton,John Lunn,Ben Smithard,Mark Day,Perfect World Pictures Focus Features Carnival Films,Universal Pictures (International)Focus Features (United States),2019-09-20,122,"UK, States",English,20000000.0,194300000.0,,,,
Rambo: Last Blood,Adrian Grünberg,Avi Lerner Kevin King Templeton Yariv Lerner Les Weldon,Matthew Cirulnick Sylvester Stallone,John Ramboby David Morrell,Sylvester Stallone Paz Vega Sergio Peris-Mencheta Adriana Barraza Yvette Monreal Genie Kim Joaquín Cosío Oscar Jaenada,Brian Tyler,Brendan Galvin,Todd E. Miller Carsten Kurpanek,,Lionsgate,2019-09-20,89,USA,English,50000000.0,91500000.0,Dan Gordon Sylvester Stallone,Millennium Media Balboa Productions Templeton Media,,
Abominable,Jill Culton,Suzanne BuirgyPeilin Chou,,,Chloe Bennet Albert Tsai Tenzing Norgay Trainor Eddie Izzard Sarah Paulson Tsai Chin Michelle Wong,Rupert Gregson-Williams,Robert Edward Crawford,Susan Fitzer,,Universal Pictures (Worldwide) Pearl Studio (China),2019-09-27,97,"USA, China",English,75000000.0,189700000.0,,DreamWorks Animation Pearl Studio,Jill Culton,
Judy,Rupert Goold,David Livingstone,Tom Edge,End of the Rainbowby Peter Quilter,Renée Zellweger Finn Wittrock Jessie Buckley Rufus Sewell Michael Gambon,Gabriel Yared,Ole Bratt Birkeland,Melanie Ann Oliver,Pathé BBC Films Calamity Films BFI,LD Entertainment & Roadside Attractions (United States) 20th Century Fox (United Kingdom),2019-10-02,118,"UK, States",English,10000000.0,43700000.0,,,,
Joker,Todd Phillips,Todd Phillips Bradley Cooper Emma Tillinger Koskoff,,Charactersby DC Comics,Joaquin Phoenix Robert De Niro Zazie Beetz Frances Conroy,Hildur Guðnadóttir,Lawrence Sher,Jeff Groth,,Warner Bros. Pictures,2019-10-04,122,USA,English,70000000.0,1074000000.0,,Warner Bros. Pictures DC Films Joint Effort Bron Creative Village Roadshow Pictures,Todd Phillips Scott Silver,
Lucy in the Sky,Noah Hawley,Reese Witherspoon Bruna Papandrea Noah Hawley John Cameron Michael Jackson,Brian C. Brown Elliott DiGuiseppi Noah Hawley,,Natalie Portman Jon Hamm Zazie Beetz Dan Stevens Colman Domingo Ellen Burstyn,Jeff Russo,Polly Morgan,Regis Kimble,Pacific Standard 26 Keys Productions TSG Entertainment,Fox Searchlight Pictures,2019-10-04,124,USA,English,21400000.0,325950.0,Brian C. Brown Elliott DiGuiseppi,,,
Gemini Man,Ang Lee,Jerry Bruckheimer David Ellison Dana Goldberg Don Granger,David Benioff Billy Ray Darren Lemke,,Will Smith Mary Elizabeth Winstead Clive Owen Benedict Wong,Lorne Balfe,Dion Beebe,Tim Squyres,Skydance Media Jerry Bruckheimer Films Fosun Pictures Alibaba Pictures,Paramount Pictures,2019-10-11,117,USA,English,138000000.0,173500000.0,Darren Lemke David Benioff,,,
The Addams Family,Conrad Vernon Greg Tiernan,Gail Berman Conrad Vernon Alex Schwartz Alison O'Brien,Matt Lieberman Pamela Pettler (draft),The Addams Family by Charles Addams,Oscar Isaac Charlize Theron Chloë Grace Moretz Finn Wolfhard Nick Kroll Snoop Dogg Bette Midler Allison Janney,Mychael Danna Jeff Danna,,David Ian Salter,Metro-Goldwyn-Mayer Pictures Bron Creative The Jackal Group Cinesite Studios,United Artists Releasing (United States and Canada) Universal Pictures (International),2019-10-11,87,"USA, Canada",English,24000000.0,204000000.0,Matt Lieberman Erica Rivinoja Conrad Vernon,,,
The King,David Michôd,Brad Pitt Dede Gardner Jeremy Kleiner Liz Watts David Michôd Joel Edgerton,,"Henry IV, Part 1, Henry IV, Part 2 and Henry Vby William Shakespeare",Timothée Chalamet Joel Edgerton Robert Pattinson Lily-Rose Depp Sean Harris Ben Mendelsohn,Nicholas Britell,Adam Arkapaw,Peter Sciberras,,Netflix,2019-10-11,140,"Australia, USA",English,23000000.0,10000.0,,Plan B Entertainment Netflix Blue-Tongue Films Porchlight Films,David Michôd Joel Edgerton,
Jexi,Jon Lucas Scott Moore,Suzanne Todd,,,Adam DeVine Alexandra Shipp Michael Peña Rose Byrne,Christopher Lennertz Philip White,Ben Kutchins,James Thomas,,Lionsgate,2019-10-11,84,"Canada, USA",English,13600000.0,9300000.0,,CBS Films eOne,Jon Lucas Scott Moore Patrick Doran,
El Camino: A Breaking Bad Movie,Vince Gilligan,Mark Johnson Melissa Bernstein Charles Newirth Vince Gilligan Aaron Paul Diane Mercer,,Breaking Badby Vince Gilligan,Aaron Paul,Dave Porter,Marshall Adams,Skip MacDonald,Sony Pictures TelevisionGran Vía ProductionsHigh Bridge Productions,Netflix,2019-10-11,122,USA,English,6000000.0,40000.0,,,Vince Gilligan,
Maleficent: Mistress of Evil,Joachim Rønning,Joe Roth Angelina Jolie Duncan Henderson,,Characters from: Disney's Sleeping Beauty La Belle au bois dormantby Charles Perrault,Angelina Jolie Elle Fanning Chiwetel Ejiofor Sam Riley Ed Skrein Imelda Staunton Juno Temple Lesley Manville Michelle Pfeiffer,Geoff Zanelli,Henry Braham,Laura Jennings Craig Wood,Walt Disney Pictures Roth/Kirschenbaum Films,Walt Disney StudiosMotion Pictures,2019-10-18,119,USA,English,185000000.0,491700000.0,,,Linda Woolverton Noah Harpster Micah Fitzerman-Blue,
Zombieland: Double Tap,Ruben Fleischer,Gavin Polone,,,Woody Harrelson Jesse Eisenberg Abigail Breslin Emma Stone Rosario Dawson Zoey Deutch Luke Wilson,David Sardy,Chung Chung-hoon,Dirk Westervelt,,Sony Pictures Releasing,2019-10-18,99,USA,English,48000000.0,122800000.0,,Columbia Pictures 2.0 Entertainment Pariah,Rhett Reese Paul Wernick David Callaham,
Jojo Rabbit,Taika Waititi,Carthew Neal Taika Waititi Chelsea Winstanley,Taika Waititi,Caging Skiesby Christine Leunens,Roman Griffin Davis Thomasin McKenzie Taika Waititi Rebel Wilson Stephen Merchant Alfie Allen Sam Rockwell Scarlett Johansson,Michael Giacchino,Mihai Mălaimare Jr.,Tom Eagles,Fox Searchlight Pictures TSG Entertainment Defender Films Piki Films,Fox Searchlight Pictures,2019-10-18,108,"United, States, New-Zealand, Czech, Republic",English,14000000.0,90300000.0,,,,
The Lighthouse,Robert Eggers,Rodrigo Teixeira Jay Van Hoy Robert Eggers Lourenço Sant' Anna Youree Henley,,,Willem Dafoe Robert Pattinson,Mark Korven,Jarin Blaschke,Louise Ford,A24 Regency Enterprises RT Features,A24 (United States) VVS Films (Canada) Focus Features/Universal Pictures (International),2019-10-18,109,"USA, Canada",English,4000000.0,18200000.0,,,Robert Eggers Max Eggers,
Black and Blue,Deon Taylor,Sean Sorensen,,,Naomie Harris Tyrese Gibson Frank Grillo Mike Colter Reid Scott,Geoff Zanelli,Dante Spinotti,Peck Prior,,Sony Pictures Releasing,2019-10-25,108,USA,English,12000000.0,22700000.0,,Screen Gems Royal Viking Entertainment Hidden Empire Film Group,Peter A. Dowling,
The Current War,Alfonso Gomez-Rejon,Timur Bekmambetov Basil Iwanyk Steven Zaillian,,,Benedict Cumberbatch Michael Shannon Nicholas Hoult Katherine Waterston Tom Holland Tuppence Middleton Matthew Macfadyen,Volker Bertelmann & Dustin O'Halloran (2017) Danny Bensi & Saunder Jurriaans (2019),Chung-hoon Chung,David Trachtenberg Justin Krohn,Bazelevs Company Film Rites Thunder Road Pictures,101 Studios(United States) Lantern Entertainment(International),2019-10-25,107,USA,English,30000000.0,12300000.0,,,Michael Mitnick,
Countdown,Justin Dec,John Rickard Zack Schiller Sean Anders John Morris,,,Elizabeth Lail Jordan Calloway Talitha Bateman Tichina Arnold P.J. Byrne Peter Facinelli Anne Winters Tom Segura,Danny Bensi Saunder Jurriaans,Maxime Alexandre,,Boies / Schiller Film Group Two Grown Men Wrigley Pictures,STX Entertainment,2019-10-25,90,USA,English,6500000.0,48000000.0,,,Justin Dec,
Terminator: Dark Fate,Tim Miller,James Cameron David Ellison,David Goyer Justin Rhodes Billy Ray,,Linda Hamilton Arnold Schwarzenegger Mackenzie Davis Natalia Reyes Gabriel Luna Diego Boneta,Tom Holkenborg,Ken Seng,Julian Clarke,Paramount Pictures Skydance Media 20th Century Fox Tencent Pictures TSG Entertainment Lightstorm Entertainment,Paramount Pictures (North America) Tencent Pictures (China) 20th Century Fox (International),2019-11-01,128,USA,English,196000000.0,261100000.00000003,James Cameron Charles Eglee Josh Friedman David Goyer Justin Rhodes,,,
Motherless Brooklyn,Edward Norton,Edward Norton Bill Migliore Gigi Pritzker Rachel Shane Michael Bederman,,Motherless Brooklynby Jonathan Lethem,Edward Norton Bruce Willis Gugu Mbatha-Raw Bobby Cannavale Cherry Jones Alec Baldwin Willem Dafoe,Daniel Pemberton,Dick Pope,Joe Klotz,Class 5 Films MWM Studios,Warner Bros. Pictures,2019-11-01,144,USA,English,26000000.0,18500000.0,,,Edward Norton,
The Irishman,Martin Scorsese,Martin Scorsese Robert De Niro Jane Rosenthal Emma Tillinger Koskoff Irwin Winkler Gerald Chamales Gastón Pavlovich Randall Emmett Gabriele Israilovici,Steven Zaillian,I Heard You Paint Housesby Charles Brandt,Robert De Niro Al Pacino Joe Pesci Ray Romano Bobby Cannavale Anna Paquin Stephen Graham Harvey Keitel,Robbie Robertson,Rodrigo Prieto,Thelma Schoonmaker,,Netflix,2019-11-01,209,USA,English,250000000.0,8000000.0,,TriBeCa Productions Sikelia Productions Winkler Films,,
Harriet,Kasi Lemmons,Debra Martin Chase Daniela Taplin Lundberg Gregory Allen Howard,Gregory Allen Howard Kasi Lemmons,,Cynthia Erivo Leslie Odom Jr. Joe Alwyn Janelle Monáe,Terence Blanchard,John Toll,Wyatt Smith,,Focus Features,2019-11-01,125,USA,English,17000000.0,43300000.0,Gregory Allen Howard,Perfect World Pictures New Balloon Stay Gold Features,,
Arctic Dogs,Aaron Woodley,Monika Bacardi Andrea Iervolino Joonbum Heo Youngki Lee Jae Y. Moh Jae Woo Park,,,Jeremy Renner Heidi Klum James Franco John Cleese Omar Sy Michael Madsen Laurie Holden Anjelica Huston Alec Baldwin,David Buckley,,Lesley Mackay Hunter,AMBI Media Group AIC Studios Assemblage Entertainment,Entertainment Studios Motion Pictures,2019-11-01,93,"USA, Canada, India",English,50000000.0,9900000.0,,,Matt Lyon Bob Barlen Cal Brunker Aaron Woodley Bryan Thompson,
Marriage Story,Noah Baumbach,David Heyman Noah Baumbach,,,Scarlett Johansson Adam Driver Laura Dern Alan Alda Ray Liotta Julie Hagerty Merritt Wever,Randy Newman,Robbie Ryan,Jennifer Lame,,Netflix,2019-11-15,137,"States, UK",English,18000000.0,2300000.0,,Heyday Films,Noah Baumbach,
Doctor Sleep,Mike Flanagan,Trevor Macy Jon Berg,Mike Flanagan,Doctor Sleepby Stephen King,Ewan McGregor Rebecca Ferguson Kyliegh Curran Cliff Curtis,The Newton Brothers,Michael Fimognari,Mike Flanagan,,Warner Bros. Pictures,2019-11-08,152,USA,English,55000000.0,72300000.0,,Intrepid Pictures Vertigo Entertainment,,
Last Christmas,Paul Feig,Paul Feig Jessie Henderson David Livingstone Emma Thompson,Emma Thompson Bryony Kimmings,"""Last Christmas""by George Michael",Emilia Clarke Henry Golding Michelle Yeoh Emma Thompson,Theodore Shapiro (scores)George MichaelWham! (songs),John Schwartzman,Brent White,Feigco Entertainment Perfect World Pictures Calamity Films,Universal Pictures,2019-11-15,103,"UK, States",English,30000000.0,121600000.0,Emma Thompson Greg Wise,,,
Playing with Fire,Andy Fickman,Todd GarnerSean Robins,Dan EwenMatt Lieberman,,John CenaJohn LeguizamoKeegan-Michael KeyBrianna HildebrandDennis HaysbertJudy Greer,Nathan Wang,Dean Semler,Elísabet Ronaldsdóttir,Paramount PlayersNickelodeon MoviesWalden MediaBroken Road Productions,Paramount Pictures,2019-11-08,96,USA,English,29900000.0,68600000.0,Dan Ewen,,,
Midway,Roland Emmerich,Roland Emmerich Harald Kloser,,,Ed Skrein Patrick Wilson Luke Evans Aaron Eckhart Nick Jonas Etsushi Toyokawa Tadanobu Asano Luke Kleintank Jun Kunimura Darren Criss Keean Johnson Mandy Moore Dennis Quaid Woody Harrelson,Thomas Wander Harald Kloser,Robby Baumgartner,Adam Wolfe,Summit Entertainment Centropolis Entertainment RuYi Media Starlight Culture Entertainment Group Street Entertainment AGC Studios Entertainment One,Lionsgate,2019-11-08,138,USA,EnglishJapanese,100000000.0,125600000.0,,,Wes Tooke,
Honey Boy,Alma Har'el,Anita Gou Alma Har'el Brian Kavanaugh-Jones Christopher Legget Daniela Taplin Lundberg,,,Shia LaBeouf Lucas Hedges Noah Jupe FKA Twigs,Alex Somers,Natasha Braier,Dominic LaPerriere Monica Salazar,,Amazon Studios,2019-11-08,94,USA,English,3500000.0,3400000.0,,Automatik Stay Gold Features Delirio Films,Shia LaBeouf,
Ford v Ferrari,James Mangold,Peter Chernin Jenno Topping James Mangold,,,Matt Damon Christian Bale,Marco Beltrami Buck Sanders,Phedon Papamichael,Michael McCusker Andrew Buckland,,20th Century Fox,2019-11-15,152,USA,English,97600000.0,225500000.0,,Chernin Entertainment TSG Entertainment Turnpike Films,Jez Butterworth John-Henry Butterworth Jason Keller,
Charlie's Angels,Elizabeth Banks,Doug Belgrad Elizabeth Cantillon Max Handelman Elizabeth Banks,Elizabeth Banks,Charlie's Angelsby Ivan GoffBen Roberts,Kristen Stewart Naomi Scott Ella Balinska Elizabeth Banks Djimon Hounsou Sam Claflin Noah Centineo Nat Faxon Patrick Stewart,Brian Tyler,Bill Pope,Alan Baumgarten,,Sony Pictures Releasing,2019-11-15,119,USA,English,55000000.0,73300000.0,Evan Spiliotopoulos David Auburn,Columbia Pictures Perfect World Pictures 2.0 Entertainment Brownstone Productions Cantillon Company,,
The Good Liar,Bill Condon,Bill Condon Greg Yolen,Jeffrey Hatcher,The Good Liarby Nicholas Searle,Helen Mirren Ian McKellen Russell Tovey Jim Carter,Carter Burwell,Tobias A. Schliessler,Virginia Katz,New Line Cinema Bron Creative 1000 Eyes,Warner Bros. Pictures,2019-11-15,109,"UK, States",English,10000000.0,33900000.0,,,,
The Report,Scott Z. Burns,Scott Z. Burns Jennifer Fox Danny Gabai Eddy Moretti Kerry Orent Steven Soderbergh Michael Sugar,,,Adam Driver Annette Bening Ted Levine Michael C. Hall Tim Blake Nelson Corey Stoll Maura Tierney Jon Hamm,David Wingo,Eigil Bryld,Greg O'Bryant,VICE Studios Unbranded Pictures Margin of Error Topic Studios,Amazon Studios,2019-11-15,119,USA,English,8000000.0,517788.0,,,Scott Z. Burns,
Frozen II,Chris Buck Jennifer Lee,Peter Del Vecho,Jennifer Lee,,Kristen Bell Idina Menzel Josh Gad Jonathan Groff,Christophe Beck (score) Robert Lopez (songs) Kristen Anderson-Lopez (songs),Tracy Scott Beattie (layout) Mohit Kallianpur (lighting),Jeff Draheim,Walt Disney Pictures Walt Disney Animation Studios,Walt Disney StudiosMotion Pictures,2019-11-22,103,USA,English,150000000.0,1450000000.0,Chris Buck Jennifer Lee Marc E. Smith Kristen Anderson-Lopez Robert Lopez,,,
A Beautiful Day in the Neighborhood,Marielle Heller,Youree Henley Peter Saraf Marc Turtletaub Leah Holzer,,"""Can You Say ... Hero?""by Tom Junod",Tom Hanks Matthew Rhys Susan Kelechi Watson Chris Cooper,Nate Heller,Jody Lee Lipes,Anne McCabe,TriStar Pictures Tencent Pictures Big Beach Mr. Youree Productions,Sony Pictures Releasing,2019-11-22,109,USA,English,25000000.0,68300000.0,,,Micah Fitzerman-Blue Noah Harpster,
21 Bridges,Brian Kirk,Anthony RussoJoe Russo Mike Larocca Robert Simonds Gigi Pritzker Chadwick Boseman Logan Coles,Adam Mervis Matthew Michael Carnahan,,Chadwick Boseman Sienna Miller J. K. Simmons Stephan James Taylor Kitsch,Henry Jackman Alex Belcher,Paul Cameron,Tim Murrell,MWM Studios H. Brothers AGBO X-Ception Content,STXfilms,2019-11-22,100,USA,English,33000000.0,49900000.0,Adam Mervis,,,
Knives Out,Rian Johnson,Ram Bergman Rian Johnson,,,Daniel Craig Chris Evans Ana de Armas Jamie Lee Curtis Michael Shannon Don Johnson Toni Collette Lakeith Stanfield Katherine Langford Jaeden Martell Christopher Plummer,Nathan Johnson,Steve Yedlin,Bob Ducsay,,Lionsgate,2019-11-27,130,USA,English,40000000.0,311400000.0,,MRC T-Street,Rian Johnson,
Queen & Slim,Melina Matsoukas,Lena Waithe Melina Matsoukas Michelle Knudsen Andrew Coles Brad Weston Pamela Abdy,Lena Waithe,,Daniel Kaluuya Jodie Turner-Smith Bokeem Woodbine Chloë Sevigny Flea Sturgill Simpson Indya Moore,Devonté Hynes,Tat Radcliffe,Pete Beaudreau,,Universal Pictures,2019-11-27,132,USA,English,20000000.0,47900000.0,James Frey Lena Waithe,3BlackDot Bron Creative Makeready De La Revolución Films Hillman Grad Productions,,
Playmobil: The Movie,Lino DiSalvo,Aton Soumache Dimitri Rassam Moritz Borman Alexis Vonarb,Blaise Hemingway Greg Erb Jason Oremland,Playmobil,Anya Taylor-Joy Jim Gaffigan Gabriel Bateman Adam Lambert Meghan Trainor Daniel Radcliffe,Heitor Pereira,,Maurissa Horwitz,Method AnimationON Animation StudiosDMG Entertainment,Pathé Distribution,2019-08-07,99,France,English,72000000.0,16300000.0,Lino DiSalvo,,,
The Aeronauts,Tom Harper,Todd Lieberman David Hoberman Tom Harper,Jack Thorne,Falling Upwards: How We Took to the Airby Richard Holmes,Eddie Redmayne Felicity Jones Himesh Patel Tom Courtenay,Steven Price,George Steel,Mark Eckersley,Mandeville Films FilmNation Entertainment,Entertainment One (United Kingdom) Amazon Studios (United States),2019-12-06,100,"UK, States",English,40000000.0,3800000.0,Tom Harper Jack Thorne,,,
Jumanji: The Next Level,Jake Kasdan,Dwayne Johnson Dany Garcia Hiram Garcia Matt Tolmach William Teitler Jake Kasdan,,Jumanjiby Chris Van Allsburg,Dwayne Johnson Jack Black Kevin Hart Karen Gillan Nick Jonas Awkwafina Danny Glover Danny DeVito,Henry Jackman,Gyula Pados,Mark Helfrich Steve Edwards Tara Timpone,,Sony Pictures Releasing,2019-12-13,123,USA,English,132000000.0,800100000.0,,Columbia Pictures Seven Bucks Productions Matt Tolmach Productions,Jake Kasdan Jeff Pinkner Scott Rosenberg,
Richard Jewell,Clint Eastwood,Tim Moore Jessica Meier Kevin Misher Leonardo DiCaprio Jennifer Davisson Jonah Hill Clint Eastwood,,"""American Nightmare: The Ballad of Richard Jewell""by Marie Brenner The Suspect: An Olympic Bombing, the FBI, the Media, and Richard Jewell, the Man Caught in the Middleby Kent Alexander and Kevin Salwen",Sam Rockwell Kathy Bates Jon Hamm Olivia Wilde Paul Walter Hauser,Arturo Sandoval,Yves Bélanger,Joel Cox,Malpaso Productions Appian Way Productions Misher Films 75 Year Plan Productions,Warner Bros. Pictures,2019-12-13,129,USA,English,45000000.0,43700000.0,,,Billy Ray,
Black Christmas,Sophia Takal,Jason Blum Ben Cosgrove Adam Hendricks,Sophia Takal April Wolfe,Black Christmasby A. Roy Moore,Imogen Poots Lily Donoghue Aleyse Shannon Brittany O'Grady Caleb Eberhardt Cary Elwes,Will Blair Brooke Blair,Mark Schwartzbard,Jeff Betancourt,Blumhouse Productions Divide/Conquer,Universal Pictures,2019-12-13,92,USA,English,5000000.0,18500000.0,,,,
Bombshell,Jay Roach,Aaron L. Glibert Jay Roach Robert Graf Michelle Graham Charles Randolph Margaret Riley Charlize Theron A.J. Dix Beth Kono,,,Charlize Theron Nicole Kidman John Lithgow Kate McKinnon Connie Britton Malcolm McDowell Allison Janney Margot Robbie,Theodore Shapiro,Barry Ackroyd,Jon Poll,,Lionsgate,2019-12-13,108,USA,English,32000000.0,61400000.0,,Bron Studios Annapurna Pictures Denver + Delilah Productions Gramsci Lighthouse Management & Media Creative Wealth Media,Charles Randolph,
Uncut Gems,Josh Safdie Benny Safdie,Scott Rudin Eli Bush Sebastian Bear-McClard,,,Adam Sandler Lakeith Stanfield Julia Fox Kevin Garnett Idina Menzel Eric Bogosian,Daniel Lopatin,Darius Khondji,Ronald Bronstein Benny Safdie,A24 Elara Pictures IAC Films Sikelia Productions Scott Rudin Productions,A24 (United States) Netflix (International),2019-12-13,135,USA,English,19000000.0,50000000.0,,,Ronald Bronstein Josh Safdie Benny Safdie,
Seberg,Benedict Andrews,Marina Acton Fred Berger Kate Garwood Stephen Hopkins Brian Kavanaugh-Jones Bradley Pilz Alan Ritchson,,,Kristen Stewart Jack O'Connell Margaret Qualley Zazie Beetz Vince Vaughn Anthony Mackie,Jed Kurzel,Rachel Morrison,Pamela Martin,Automatik Bradley Pilz Productions Phreaker Films Ingenious Media,Amazon Studios (United States) Universal Pictures (United Kingdom),2020-01-10,102,"States, UK",English,8000000.0,675808.0,,,Joe Shrapnel Anna Waterhouse,
A Hidden Life,Terrence Malick,Elisabeth Bentley Dario Bergesio Grant Hill Josh Jeter,,,August Diehl Valerie Pachner Matthias Schoenaerts,James Newton Howard,Jörg Widmer,Rehman Nizar Ali Joe Gleason Sebastian Jones,Elizabeth Bay Productions Aceway Studio Babelsberg,Fox Searchlight Pictures,2019-12-13,174,"USA, Germany",English German,9000000.0,4600000.0,,,Terrence Malick,
Star Wars: The Rise of Skywalker,J. J. Abrams,Kathleen Kennedy J. J. Abrams Michelle Rejwan,Chris Terrio J. J. Abrams,Charactersby George Lucas,Carrie Fisher Mark Hamill Adam Driver Daisy Ridley John Boyega Oscar Isaac Anthony Daniels Naomi Ackie Domhnall Gleeson Richard E. Grant Lupita Nyong'o Keri Russell Joonas Suotamo Kelly Marie Tran Ian McDiarmid Billy Dee Williams,John Williams,Dan Mindel,Maryann Brandon Stefan Grube,Lucasfilm Ltd. Bad Robot Productions,Walt Disney StudiosMotion Pictures,2019-12-20,142,USA,English,275000000.0,1074000000.0,Derek Connolly Colin Trevorrow J. J. Abrams Chris Terrio,,,
Cats,Tom Hooper,Debra Hayward Tim Bevan Eric Fellner Tom Hooper,Lee Hall Tom Hooper,Catsby Andrew Lloyd Webber Old Possum's Book of Practical Catsby T. S. Eliot,James Corden Judi Dench Jason Derulo Idris Elba Jennifer Hudson Ian McKellen Taylor Swift Rebel Wilson Francesca Hayward,Andrew Lloyd Webber,Christopher Ross,Melanie Ann Oliver,Working Title Films Amblin Entertainment Perfect World Pictures Monumental Pictures The Really Useful Group,Universal Pictures,2019-12-20,110,"UK, States",English,100000000.0,75500000.0,,,,
Spies in Disguise,Troy Quane Nick Bruno,Peter Chernin Jenno Topping Michael J. Travers,Brad Copeland Lloyd Taylor,Pigeon: Impossibleby Lucas Martell,Will Smith Tom Holland Rashida Jones Ben Mendelsohn Reba McEntire Rachel Brosnahan Karen Gillan DJ Khaled Masi Oka,Theodore Shapiro,,Randy Trager Christopher Campbell,,20th Century Fox,2019-12-25,102,USA,English,100000000.0,171600000.0,Cindy Davis,Blue Sky Studios 20th Century Fox Animation Chernin Entertainment,,
Little Women,Greta Gerwig,Amy Pascal Denise Di Novi Robin Swicord,Greta Gerwig,Little Womenby Louisa May Alcott,Saoirse Ronan Emma Watson Florence Pugh Eliza Scanlen Laura Dern Timothée Chalamet Meryl Streep Tracy Letts Bob Odenkirk James Norton Louis Garrel Chris Cooper,Alexandre Desplat,Yorick Le Saux,Nick Houy,Columbia Pictures Regency Enterprises Pascal Pictures,Sony Pictures Releasing,2019-12-25,135,USA,English,40000000.0,216900000.0,,,,
1917,Sam Mendes,Sam Mendes Pippa Harris Jayne-Ann Tenggren Callum McDougall Brian Oliver,,,George MacKay Dean-Charles Chapman Mark Strong Andrew Scott Richard Madden Claire Duburcq Colin Firth Benedict Cumberbatch,Thomas Newman,Roger Deakins,Lee Smith,DreamWorks Pictures Reliance Entertainment New Republic Pictures Alibaba Pictures Mogambo Neal Street Productions Amblin Partners,Entertainment One (United Kingdom) Universal Pictures (United States),2020-01-10,119,"UK, States",EnglishGermanFrench,100000000.0,384900000.0,,,Sam Mendes Krysty Wilson-Cairns,
Just Mercy,Destin Daniel Cretton,Gil Netter,Destin Daniel Cretton Andrew Lanham,Just Mercy: A Story of Justice and Redemptionby Bryan Stevenson,Michael B. Jordan Jamie Foxx Rob Morgan Tim Blake Nelson Rafe Spall Brie Larson,Joel P. West,Brett Pawlak,Nat Sanders,Endeavor Content One Community Participant Media Macro Media Gil Netter Productions Outlier Society,Warner Bros. Pictures,2019-12-25,137,USA,English,25000000.0,50400000.0,,,,
